id,user_id,utterance,response,created_at
1,4433ac40951469b95c4171eb5faa28331b6e7f62e874f88d3d2b9031f286a7404b,안녕,생각 중 ..,2024-12-17 10:46:29.492059
2,4433ac40951469b95c4171eb5faa28331b6e7f62e874f88d3d2b9031f286a7404b,pinn에 대해 알려줘,생각 중 ..,2024-12-17 10:47:01.017489
3,4433ac40951469b95c4171eb5faa28331b6e7f62e874f88d3d2b9031f286a7404b,pinn이란,생각 중 ..,2024-12-17 10:47:53.676719
4,4433ac40951469b95c4171eb5faa28331b6e7f62e874f88d3d2b9031f286a7404b,야,생각 중 ..,2024-12-18 23:22:19.483313
5,e95772264dc4b3126b9cc008ff66fa6edbc667c8c14151e0ea97abb93746fe777b,ㅇㅇ',안녕하세요! 반갑습니다. 원자력에 대해 궁금한 게 있으신가요? 😊,2024-12-19 00:18:14.534831
6,38867e7b9dd93fdcf807497c0b61b3431c21b38f544fe0029f4b38ab347bc44e08,안녕?,안녕하세요! 반갑습니다. 원자력에 대해 궁금한 게 있으신가요? 😊,2024-12-19 01:00:22.049153
7,38867e7b9dd93fdcf807497c0b61b3431c21b38f544fe0029f4b38ab347bc44e08,오늘 날씨,생각 중 ..,2024-12-19 01:00:47.686019
8,38867e7b9dd93fdcf807497c0b61b3431c21b38f544fe0029f4b38ab347bc44e08,오늘 날씨 알아?,생각 중 ..,2024-12-19 01:01:13.259093
9,38867e7b9dd93fdcf807497c0b61b3431c21b38f544fe0029f4b38ab347bc44e08,이게 뭐야?,생각 중 ..,2024-12-19 01:02:36.001265
10,b7ca8f3509100427c1740c5b2ae36d89f0c50922c2ffbb8a950f8aa471e7384884,안녕,안녕하세요! 반갑습니다. 원자력이나 제가 좋아하는 것들에 대해 궁금한 게 있으신가요? 😊🔬,2024-12-19 07:37:32.877265
11,b7ca8f3509100427c1740c5b2ae36d89f0c50922c2ffbb8a950f8aa471e7384884,파동이 사진줘바,생각 중 ..,2024-12-19 07:46:16.140418
12,4433ac40951469b95c4171eb5faa28331b6e7f62e874f88d3d2b9031f286a7404b,파동이 사진 보여줘,생각 중 ..,2024-12-20 04:49:20.254792
13,4433ac40951469b95c4171eb5faa28331b6e7f62e874f88d3d2b9031f286a7404b,파동아,"네, 안녕하세요! 저는 파동이입니다. 어떤 것이 궁금하신가요? 원자력에 대해 이야기해볼까요? 😊🔬",2024-12-20 05:14:37.970233
14,1e04455d8b965f1f804d0de57eac2e08cb281b6cdef82dccfc723e4ce91abeebc8,"Can you
remember what he
had on? 한글 번역",생각 중 ..,2024-12-20 11:23:48.129525
15,1e04455d8b965f1f804d0de57eac2e08cb281b6cdef82dccfc723e4ce91abeebc8,0219-1220-6965-449 이번호를 바콕드로 만들어줘,생각 중 ..,2024-12-21 01:36:30.371128
16,1e04455d8b965f1f804d0de57eac2e08cb281b6cdef82dccfc723e4ce91abeebc8,0219-1220-6965-449 이번호를 code 128형식 바콕드로 만들어줘,생각 중 ..,2024-12-21 01:37:12.138533
17,1e04455d8b965f1f804d0de57eac2e08cb281b6cdef82dccfc723e4ce91abeebc8,if only she had realized the mistake sooner 해석,생각 중 ..,2024-12-21 05:13:47.574268
18,1e04455d8b965f1f804d0de57eac2e08cb281b6cdef82dccfc723e4ce91abeebc8,문법 해석,생각 중 ..,2024-12-21 05:14:15.507743
19,1e04455d8b965f1f804d0de57eac2e08cb281b6cdef82dccfc723e4ce91abeebc8,if only she had realized the mistake sooner 문법 해석,생각 중 ..,2024-12-21 05:14:51.466154
20,1e04455d8b965f1f804d0de57eac2e08cb281b6cdef82dccfc723e4ce91abeebc8,look me in the eye 해석,생각 중 ..,2024-12-21 13:00:57.707381
21,1e04455d8b965f1f804d0de57eac2e08cb281b6cdef82dccfc723e4ce91abeebc8,it turns out that i had the wrong idea 해석,생각 중 ..,2024-12-22 01:01:42.778329
22,1e04455d8b965f1f804d0de57eac2e08cb281b6cdef82dccfc723e4ce91abeebc8,turn out 뜻,생각 중 ..,2024-12-22 01:02:07.214674
23,eb5bab1568eb145b5fb9743e8f7ca514957bd30be795bbf559fd9bce9ac2598302,구리의 저항은 온도가 높아지면 어떻게돼?,구리의 저항은 온도가 높아지면 증가해요. 이는 전자가 높은 온도에서 더 많은 열 에너지를 받아 불규칙하게 움직이기 때문이에요. 따라서 전류 흐름에 저항이 커지게 되죠. 궁금한 점이 더 있으신가요? 😊,2024-12-23 06:02:01.788382
24,eb5bab1568eb145b5fb9743e8f7ca514957bd30be795bbf559fd9bce9ac2598302,몇도에서 엄청 증가한다 이런거 있어?,생각 중 ..,2024-12-23 06:02:35.07069
25,eb5bab1568eb145b5fb9743e8f7ca514957bd30be795bbf559fd9bce9ac2598302,그러면 고온에서 사용될 소자를 만들었울때 구리선을 사용하였다면 성능이 감소할수 있겠네,"네, 맞아요! 고온에서 구리의 저항이 증가하면 전류 흐름에 저항이 커져 성능이 감소할 수 있어요. 따라서 고온 환경에서는 구리 대신 저항이 적은 다른 소재를 사용하는 것이 좋을 수 있어요. 더 궁금한 점이 있을까요? 😊",2024-12-23 06:03:19.052378
26,eb5bab1568eb145b5fb9743e8f7ca514957bd30be795bbf559fd9bce9ac2598302,200도 이상에서 구리선의 저항은 상온과 비교했을때 얼마나 차이나?,생각 중 ..,2024-12-23 06:07:25.368192
27,eb5bab1568eb145b5fb9743e8f7ca514957bd30be795bbf559fd9bce9ac2598302,구리선의 두께가 달라지면 저항이 많이 바뀌나?,생각 중 ..,2024-12-23 06:08:01.492069
28,2eae2c865366b8c1bdfb1be25a7c01c50b56bee69a47ead78798a68de0432d2355,승급 기준 설명해줘,생각 중 ..,2024-12-25 06:55:42.15913
29,2eae2c865366b8c1bdfb1be25a7c01c50b56bee69a47ead78798a68de0432d2355,선임에서 책임 승급시 조건,생각 중 ..,2024-12-25 06:56:16.24573
30,2eae2c865366b8c1bdfb1be25a7c01c50b56bee69a47ead78798a68de0432d2355,바보....,생각 중 ..,2024-12-25 06:56:38.276339
31,4436540af8df384f28331aee2b28f3e3fd6e7f62e874f88d3d2b9031f286a7404b,파일의 내용을 번역하려면 파일을 어떻게 보내지?,생각 중 ..,2024-12-25 23:34:54.040032
32,d78a6d9242c5485b528f8b7bb2c444dc7e29284a42e0aefe9e264c58c957986309,안녕 ㅋㅋ,안녕하세요! 반갑습니다. 원자력에 대해 궁금한게 있으신가요? 😊🔬,2024-12-26 04:24:39.153735
33,8955c9c87fb28b764cab93d77e6e48a38bb1826d84ee28bc599a2a65a57fd7ee34,너의 역할이 뭐야??,"안녕하세요! 저는 한국원자력연구원 홍보대사 '파동이'입니다. 원자력에 대한 정보를 친근하게 전달하고, 궁금한 점에 대해 답변해드리는 역할을 하고 있어요. 어떤 것이 궁금하신가요? 😊",2024-12-26 04:24:52.971234
34,f87f9b8a8f5397615963c24efdbe7ac6f31725d47572f5fe47393a948a6740ab15,인공지능응용전략실이 연구하는 분야에 대해 알려줘,생각 중 ..,2024-12-26 04:25:00.434351
35,8955c9c87fb28b764cab93d77e6e48a38bb1826d84ee28bc599a2a65a57fd7ee34,What is your job?,"안녕하세요! 저는 한국원자력연구원 홍보대사 '파동이'입니다. 원자력에 대한 정보를 친근하게 전달하고, 많은 분들이 원자력의 긍정적인 측면을 이해하도록 돕는 역할을 하고 있어요. 궁금한 점이 있다면 언제든지 물어보세요! 😊",2024-12-26 04:25:14.112809
36,8955c9c87fb28b764cab93d77e6e48a38bb1826d84ee28bc599a2a65a57fd7ee34,Can you speak english??,안녕하세요! 저는 한국원자력연구원 홍보대사 '파동이'입니다. 원자력에 대한 정보를 친근하게 전달하는 역할을 하고 있어요. 궁금한 점이 있다면 언제든지 물어보세요! 😊,2024-12-26 04:25:29.315221
37,8955c9c87fb28b764cab93d77e6e48a38bb1826d84ee28bc599a2a65a57fd7ee34,원자력에 대해 설명해줘,"원자력은 원자핵의 에너지를 이용한 기술로, 주로 전력 생산, 의학, 연구 등 다양한 분야에 활용됩니다. 원자력 발전은 대량의 전기를 생산할 수 있고, 온실가스 배출이 적어 환경에 긍정적인 영향을 미칠 수 있습니다. 원자력 기술은 안전성과 효율성을 높이기 위해 지속적으로 발전하고 있어요. 궁금한 점이 더 있다면 언제든지 질문해 주세요! 😊",2024-12-26 04:25:44.754763
38,f87f9b8a8f5397615963c24efdbe7ac6f31725d47572f5fe47393a948a6740ab15,Ai기반 이상 탐지 기술에 대해 저 자세하게 알려줘,생각 중 ..,2024-12-26 04:26:05.96242
42,f598904ce16639a7af384e268e462ca304a6f81f5c5f3eb784cc2e7391623e1dce,스프링강에대해 알려줘,생각 중 ..,2024-12-26 05:59:58.187861
50,8955c9c87fb28b764cab93d77e6e48a38bb1826d84ee28bc599a2a65a57fd7ee34,아니야,해당 질문은 제가 아직 공부 중이예요ㅠㅠ 다른 질문이 있으실까요?😅,2024-12-26 07:55:52.104333
39,d78a6d9242c5485b528f8b7bb2c444dc7e29284a42e0aefe9e264c58c957986309,원자력연구원 위치 알려줘,생각 중 ..,2024-12-26 04:27:40.471675
45,f598904ce16639a7af384e268e462ca304a6f81f5c5f3eb784cc2e7391623e1dce,야,네 안녕하세요! 저는 파동이입니다. 어떤 것이 궁금하신가요? 😅,2024-12-26 06:01:03.035361
46,f598904ce16639a7af384e268e462ca304a6f81f5c5f3eb784cc2e7391623e1dce,스프링강,생각 중 ..,2024-12-26 06:01:20.307383
40,d78a6d9242c5485b528f8b7bb2c444dc7e29284a42e0aefe9e264c58c957986309,거기 하나야?,"안녕하세요! 원자력연구원은 경상북도 대구광역시에 위치하고 있어요. 연구원은 원자력 관련 다양한 연구를 진행하고 있으며, 에너지를 효율적으로 활용하는 방법을 모색하고 있어요. 궁금한 점이 더 있으신가요? 😊",2024-12-26 04:27:55.050671
41,d78a6d9242c5485b528f8b7bb2c444dc7e29284a42e0aefe9e264c58c957986309,대전은?,생각 중 ..,2024-12-26 04:28:11.058296
44,f598904ce16639a7af384e268e462ca304a6f81f5c5f3eb784cc2e7391623e1dce,스프링강에 대해 알려줘,생각 중 ..,2024-12-26 06:00:36.844754
47,f598904ce16639a7af384e268e462ca304a6f81f5c5f3eb784cc2e7391623e1dce,스프링강,생각 중 ..,2024-12-26 06:01:33.138518
49,8955c9c87fb28b764cab93d77e6e48a38bb1826d84ee28bc599a2a65a57fd7ee34,이모티콘 없이 대답해줄 수 있어??,해당 질문은 제가 아직 공부 중이예요ㅠㅠ 다른 질문이 있으실까요?😅,2024-12-26 07:55:42.858225
51,8955c9c87fb28b764cab93d77e6e48a38bb1826d84ee28bc599a2a65a57fd7ee34,아니야 질문 없어,해당 질문은 제가 아직 공부 중이예요ㅠㅠ 다른 질문이 있으실까요?😅,2024-12-26 07:56:01.7654
43,f598904ce16639a7af384e268e462ca304a6f81f5c5f3eb784cc2e7391623e1dce,야,네 안녕하세요. 저는 파동이입니다! 어떤 것이 궁금하신가요? 😅,2024-12-26 06:00:11.031083
48,8955c9c87fb28b764cab93d77e6e48a38bb1826d84ee28bc599a2a65a57fd7ee34,처음에 사용자가 사용하기 전에 추천하고 싶은 질문이 있다면 추천해줘.,생각 중 ..,2024-12-26 07:54:59.867646
52,16c5246b5056e989b1dee850e1dff66e71e6441d30c65ea6e89dd0b84c9b58f071,동점성계수,생각 중 ..,2024-12-27 06:16:09.429577
53,f598904ce16639a7af384e268e462ca304a6f81f5c5f3eb784cc2e7391623e1dce,야,네 안녕하세요! 저는 파동이입니다. 어떤 것이 궁금하신가요? 😅,2024-12-27 06:29:16.797368
54,f598904ce16639a7af384e268e462ca304a6f81f5c5f3eb784cc2e7391623e1dce,스프링강에 대해 알려줘,생각 중 ..,2024-12-27 06:29:26.520623
55,f598904ce16639a7af384e268e462ca304a6f81f5c5f3eb784cc2e7391623e1dce,스프링강에 대해 궁금해,생각 중 ..,2024-12-27 07:42:10.251116
56,f598904ce16639a7af384e268e462ca304a6f81f5c5f3eb784cc2e7391623e1dce,스프링강이 궁금해,생각 중 ..,2024-12-27 07:42:24.490172
57,4433ac40951469b95c4171eb5faa28331b6e7f62e874f88d3d2b9031f286a7404b,12월31일 식당 메뉴 알려줘,생각 중 ..,2024-12-27 09:30:56.515866
58,4433ac40951469b95c4171eb5faa28331b6e7f62e874f88d3d2b9031f286a7404b,다시 알려줘,"죄송해요, 식당 메뉴에 대한 정보는 제공할 수 없어요. 다른 궁금한 점이 있다면 말씀해 주세요! 원자력이나 다른 주제에 대해 이야기해볼까요? 😊",2024-12-27 09:32:18.614024
59,4433ac40951469b95c4171eb5faa28331b6e7f62e874f88d3d2b9031f286a7404b,12월31일 식당메뉴 알려줘,생각 중 ..,2024-12-27 09:32:46.116881
60,4433ac40951469b95c4171eb5faa28331b6e7f62e874f88d3d2b9031f286a7404b,12.30 식당 메뉴는?,생각 중 ..,2024-12-27 09:34:17.831527
61,83635e93ff7e0ab2bd53a3c49e969281b219a514b529870fd6a6a661752741b874,원자력연구원 전용 AI 사이트 링크 알려줘,생각 중 ..,2024-12-28 06:30:46.645189
62,83635e93ff7e0ab2bd53a3c49e969281b219a514b529870fd6a6a661752741b874,원자력연구원 직원들에게만 open된 ai 사이트 알려줘.,생각 중 ..,2024-12-28 06:34:58.179679
63,4845423964eacaf8657798ff5df78c7ef9839e77d85be83cd2f20ec330eb5d36fe,"안녕하세요, 이모티콘 너무 귀여워요",안녕하세요! 귀여운 이모티콘을 좋아해 주셔서 감사합니다. 😊 원자력에 대해 궁금한 점이 있으신가요? 언제든지 질문해 주세요! 😅,2024-12-28 10:48:19.51978
64,4845423964eacaf8657798ff5df78c7ef9839e77d85be83cd2f20ec330eb5d36fe,"이모티콘 말고 캐릭터요, 순간 잘못 말했네요흐흐","어머, 그런 건 제가 답변하기 어려워요! 😅 대신 원자력에 대해 궁금한 점이 있으시면 언제든지 물어봐 주세요!🌟",2024-12-28 10:48:39.616106
65,4845423964eacaf8657798ff5df78c7ef9839e77d85be83cd2f20ec330eb5d36fe,파동이 캐릭터 귀여워요,"어머, 감사합니다! 파동이를 귀엽다고 해주시니 기분이 좋아요! 😊 원자력이나 과학에 대해 궁금한 점이 있다면 언제든지 물어봐 주세요. 제가 친절하게 답변해드릴게요! 😅",2024-12-28 10:48:55.469176
66,4433ac40951469b95c4171eb5faa28331b6e7f62e874f88d3d2b9031f286a7404b,021912206965449 번호를 code 128 바코드로 만드는 코드 짜줘,생각 중 ..,2024-12-30 04:48:13.897662
67,4433ac40951469b95c4171eb5faa28331b6e7f62e874f88d3d2b9031f286a7404b,종무식이 뭐야?,생각 중 ..,2024-12-30 06:48:43.715088
68,4433ac40951469b95c4171eb5faa28331b6e7f62e874f88d3d2b9031f286a7404b,종무식이 뭐야?,생각 중 ..,2024-12-30 06:49:12.017111
69,4433ac40951469b95c4171eb5faa28331b6e7f62e874f88d3d2b9031f286a7404b,종무식이 뭐야?,생각 중 ..,2024-12-30 06:52:01.943497
70,4433ac40951469b95c4171eb5faa28331b6e7f62e874f88d3d2b9031f286a7404b,종무식이 뭐야?,"종무식은 한 해의 업무를 마무리하는 의미 있는 행사에요! 보통 12월 말, 마지막 근무일에 진행되지만, 회사의 상황에 따라 날짜가 달라지기도 해요. 이 자리에서는 그 해의 성과를 결산하고, 다음 해의 목표를 공유하며, 직원들의 노고를 칭찬하는 시간을 가져요. 장소는 다양하게 사용되는데, 강당이나 회의실, 구내식당 등에서 진행되죠. 최근에는 파티 형식으로 진행되는 경우도 많아요. 종무식의 순서는 대표의 인사말, 업무 보고, 시상, 자유 발표 등으로 구성될 수 있어요. 종무식은 시무식(새해 업무 시작 의식)의 반대라고 할 수 있답니다. 요즘은 간소화되거나 아예 없애는 회사도 늘어나고 있어요! 😊",2024-12-30 06:52:15.465884
71,4433ac40951469b95c4171eb5faa28331b6e7f62e874f88d3d2b9031f286a7404b,종무식이 뭐냐고,생각 중 ..,2024-12-30 06:52:20.822414
72,4433ac40951469b95c4171eb5faa28331b6e7f62e874f88d3d2b9031f286a7404b,종무식이 뭐냐고,"종무식은 회사나 기관에서 한 해의 업무를 마무리하는 중요한 의식이에요. 일반적으로 12월 말에 진행되지만, 회사 사정에 따라 다를 수 있답니다. 종무식에서는 그 해의 성과를 평가하고, 다음 해 목표를 설정하며, 직원들의 노고를 격려하는 시간을 가져요. 형식은 회사 규모나 문화에 따라 다양한데, 소규모는 간단한 회의 형식으로, 대규모는 강당이나 행사장을 빌려 공식적으로 진행하기도 해요. 가끔은 식사를 제공하거나 파티를 열기도 한답니다. 종무식은 시무식이랑 반대되는 의미로 이해하면 좋을 것 같아요! 😊",2024-12-30 06:52:30.298569
73,4433ac40951469b95c4171eb5faa28331b6e7f62e874f88d3d2b9031f286a7404b,안녕,안녕하세요! 반갑습니다. 원자력에 대해 궁금한 점이 있으신가요? 혹시 다른 질문이 있다면 언제든지 물어보세요! 😊,2024-12-30 08:06:03.282005
74,1e04455d8b965f1f804d0de57eac2e08cb281b6cdef82dccfc723e4ce91abeebc8,i would never smile in photos.에서 would 와 will 의 차이,생각 중 ..,2024-12-30 08:42:08.282343
75,1e04455d8b965f1f804d0de57eac2e08cb281b6cdef82dccfc723e4ce91abeebc8,i would never smile in photos.에서 would 와 will 의 차이,"""would""와 ""will""의 주요 차이는 확실성과 공손함의 암시에서 나타나요.

* ""Will"": 미래에 대한 강한 의도나 예측을 표현해요. 이 표현은 그 행동이 발생할 것이라는 높은 확신을 나타내죠. 예를 들어 ""I will go home""은 거의 확실하게 집에 가겠다는 강한 의도를 암시해요. 질문할 때 ""Will you...?""는 직설적으로 들릴 수 있어요.

* ""Would"": 상대적으로 약한 의도를 표현하거나 가정적인 상황을 제시해요. 행동의 발생 가능성이 낮다는 느낌을 주죠.",2024-12-30 08:42:20.03233
76,4433ac40951469b95c4171eb5faa28331b6e7f62e874f88d3d2b9031f286a7404b,야,안녕하세요! 저는 파동이입니다. 어떤 것이 궁금하신가요? 원자력에 대해 이야기해볼까요? 😊,2024-12-30 10:02:28.359505
77,1e04455d8b965f1f804d0de57eac2e08cb281b6cdef82dccfc723e4ce91abeebc8,홍성택. 의 영문 이름,생각 중 ..,2024-12-31 05:43:38.791776
78,1e04455d8b965f1f804d0de57eac2e08cb281b6cdef82dccfc723e4ce91abeebc8,홍성택. 의 영문 이름,"홍성택의 영문 이름은 공식적으로 알려진 바가 없어요. 하지만 영어권 자료에서 그 이름을 표기할 때는 주로 **Hong Sung-Taek**이라고 사용한답니다. 이는 한국어 이름의 일반적인 로마자 표기법을 따르는 거예요. 물론 개인적으로는 다른 표기법을 사용할 수도 있죠. 예를 들어, Hong Seongtaek이나 Hong Seong-Taek 같은 변형도 가능해요. 가장 중요한 건 일관성을 유지하는 거랍니다. 😊",2024-12-31 05:43:51.73276
79,1e04455d8b965f1f804d0de57eac2e08cb281b6cdef82dccfc723e4ce91abeebc8,홍승유 영문이름,생각 중 ..,2024-12-31 05:44:23.069757
84,1e04455d8b965f1f804d0de57eac2e08cb281b6cdef82dccfc723e4ce91abeebc8,he’d take us 번역 문법,"""he’d take us""라는 표현의 번역은 문맥에 따라 달라질 수 있어요. 이 문장은 ""He would take us""의 축약형으로, 미래의 행동이나 가정적인 상황을 암시해요.

문맥에 따라 몇 가지 가능한 한국어 번역을 소개할게요:

* 그는 우리를 데려갈 것이다: 중립적인 맥락에서 쓸 수 있는 직설적인 번역이에요. ""그가 우리를 데려다 줄 것이다""라는 의미죠. 

더 궁금한 점이 있으면 언제든지 물어봐요! 😊",2024-12-31 06:35:38.916279
85,1e04455d8b965f1f804d0de57eac2e08cb281b6cdef82dccfc723e4ce91abeebc8,he’d take us 번역 문법,생각 중 ..,2024-12-31 10:19:10.010392
90,1a3d3b671b1bd15da2946a17166d3f78a6e733350144bce0fa3cf70d9b0d890d9c,파동이 너 그림이미지도 없니?,"죄송해요! 제공된 소스에는 파동의 이미지가 포함되어 있지 않아요. 대신, iStock 및 Shutterstock 같은 웹사이트에서 파동 이미지를 찾아볼 수 있다는 정보가 있고, 파동의 간섭을 보여주는 일러스트레이션도 있다고 해요. 하지만 실제 이미지는 없답니다. 파동이라는 캐릭터에 대한 설명은 있지만, 그 캐릭터의 이미지도 포함되어 있지 않아요. 😊",2025-01-01 01:13:37.803931
91,937b60555848a38bd4d4c44403b97a1f8986925c4c2afce3ee5d374f7cbaee9d85,이미지생성도 가능해?,생각 중 ..,2025-01-01 02:22:50.954507
92,937b60555848a38bd4d4c44403b97a1f8986925c4c2afce3ee5d374f7cbaee9d85,이미지생성도 가능해?,"네, 이미지 생성도 가능합니다! 🤗 제공된 자료에 따르면 여러 AI 기반의 이미지 생성 도구들이 많아요. 텍스트 입력만으로 이미지를 생성하거나, 직접 그린 그림을 반영해서 만들기도 하죠. 🎨 일부 도구는 다양한 스타일의 필터를 적용할 수도 있고, 영상 생성 기능을 베타 버전으로 제공하는 경우도 있어요. 하지만 각 도구마다 기능과 사용 방법이 다르니, 원하는 기능과 편의성에 맞는 도구를 선택하는 게 중요해요. 어떤 도구는 무료로 사용 가능하지만, 고급 기능이나 고화질 이미지 생성엔 유료 구독이 필요할 수도 있답니다. 한국어를 지원하는 도구도 있으니, 사용자의 언어 능력에 맞춰 선택하시면 좋겠어요! 😊",2025-01-01 02:23:00.78645
93,1e04455d8b965f1f804d0de57eac2e08cb281b6cdef82dccfc723e4ce91abeebc8,Not all fun activities and sports need to be really competitive. 번역 및 해설,생각 중 ..,2025-01-01 09:56:25.693404
80,1e04455d8b965f1f804d0de57eac2e08cb281b6cdef82dccfc723e4ce91abeebc8,홍승유 영문이름,"홍승성 (Hong Seungseong)의 영어 표기가 명확하게 제시되어 있지 않아요. 하지만 원문 [1]에서는 다른 사람 홍성유 (Hong Sung You)의 영어 표기는 제공되고 있죠. 더불어 원문 [3]에는 홍승성의 언급이 있지만, 영어 이름은 알려져 있지 않아요.

홍승성의 정확한 영어 표기를 찾으려면 로마자 변환 도구를 사용하거나, 한국 정부에서 제공하는 한국 이름 로마자 표기 지침을 따르면 좋아요. 😊",2024-12-31 05:44:33.846756
81,1e04455d8b965f1f804d0de57eac2e08cb281b6cdef82dccfc723e4ce91abeebc8,홍승유,생각 중 ..,2024-12-31 05:44:50.80425
86,1e04455d8b965f1f804d0de57eac2e08cb281b6cdef82dccfc723e4ce91abeebc8,he’d take us 번역 문법,"이해했어요! ""he’d take us""를 한국어로 번역할 때는 문맥이 중요해요. ""He'd""는 ""he would""의 축약형으로, 과거의 조건부 상황이나 습관적인 행동을 나타내죠. ""Take us""는 데려다 주거나 어떤 곳으로 이끈다는 의미예요. 

몇 가지 가능한 번역을 소개할게요:

* 그는 우리를 데려갈 것이다. 

이 문맥에 따라 다양한 번역이 가능하니, 상황에 맞게 사용해 보세요! 😊",2024-12-31 10:19:21.824775
87,1a3d3b671b1bd15da2946a17166d3f78a6e733350144bce0fa3cf70d9b0d890d9c,파동아 2025년도 새해인사 이미지 하나만 보내줘,생각 중 ..,2025-01-01 01:12:50.258983
82,1e04455d8b965f1f804d0de57eac2e08cb281b6cdef82dccfc723e4ce91abeebc8,홍승유,"안녕하세요! 정보가 비슷한 이름들을 언급해서 좀 헷갈릴 수 있겠네요. 아래와 같이 정리해볼게요.

* **홍승유 (1881-1957):** 이 분은 1881년 9월 18일에 태어나 1957년 5월 28일에 돌아가셨어요. FamilySearch.org에 문서화되어 있으며, 부모님의 이름(홍복후와 이씨)과 출생지 및 사망지에 대한 정보도 제공되고 있습니다.

* **홍승유 (사업가):** 다른 홍승유는 사업가로 알려져 있답니다. 이 분의 정보는 특정 세부 사항이 필요하니까 더 알고 싶은 부분이 있다면 말씀해 주세요!😊",2024-12-31 05:45:01.64757
83,1e04455d8b965f1f804d0de57eac2e08cb281b6cdef82dccfc723e4ce91abeebc8,he’d take us 번역 문법,생각 중 ..,2024-12-31 06:35:27.585251
88,1a3d3b671b1bd15da2946a17166d3f78a6e733350144bce0fa3cf70d9b0d890d9c,파동아 2025년도 새해인사 이미지 하나만 보내줘,"죄송해요. 이미지를 보낼 수는 없어요. 제공된 소스에는 2025년 새해 인사 이미지가 포함되어 있지 않거든요. 소스에서는 2025년 새해 인사말과 관련된 정보, 예를 들어 인사말 문구나 이미지 다운로드 가능성에 대한 언급이 있지만, 실제 이미지 파일은 없어요. 그래서 새해 인사 이미지를 원하신다면 네이버나 구글 같은 이미지 검색 엔진에서 ""2025년 새해 인사 이미지""라고 검색해 보시는 걸 추천드려요. 😊",2025-01-01 01:13:00.660728
89,1a3d3b671b1bd15da2946a17166d3f78a6e733350144bce0fa3cf70d9b0d890d9c,파동이 너 그림이미지도 없니?,생각 중 ..,2025-01-01 01:13:25.50135
94,1e04455d8b965f1f804d0de57eac2e08cb281b6cdef82dccfc723e4ce91abeebc8,Not all fun activities and sports need to be really competitive. 번역 및 해설,"모든 재미있는 활동과 스포츠가 꼭 경쟁적일 필요는 없어요. 

제시된 지문들은 경쟁적인 측면과 비경쟁적인 측면 모두를 가진 스포츠와 레크리에이션 활동에 대한 다양한 관점을 보여주고 있어요. 어떤 지문은 경쟁이 자존감을 저해하고 관계를 악화시킬 수 있다고 하기도 하고, 다른 지문은 경쟁이 재미있고 가치 있는 삶의 경험을 줄 수 있다고 인정해요. 그래서 중요한 건 경쟁의 정도와 개인의 선호에 따라 스포츠와 레크리에이션을 즐길 수 있다는 거예요. 즉, 경쟁이 필수적인 요소는 아니고, 개인의 목표와 즐거움에 따라 경쟁적인 활동과 비경쟁적인 활동을 모두 즐길 수 있답니다. 건강한 삶을 위해서는 자신에게 맞는 경쟁 수준을 찾는 게 중요하고, 꼭 경쟁적이지 않더라도 운동과 사회적 활동을 통해 얻을 수 있는 혜택이 많다는 점을 기억해야 해요. 어린이 스포츠의 경우, 재미와 경쟁은 서로 배타적이지 않으며, 균형 잡힌 접근이 필요해요! 😊",2025-01-01 09:56:40.208927
